{
	"robots": [
	  [
        [ -7.0, 5.0 ],
        [ -6.0, 5.0 ],
        [ -6.0, 6.0 ],
        [ -7.0, 6.0 ]
	  ],
	  [
        [ -7.0, 5.0 ],
        [ -6.0, 5.0 ],
        [ -6.0, 6.0 ],
        [ -7.0, 6.0 ]
	  ]
	],
	"obstacles": [
		[
			[
				3.6327126400268039,
				5.0
			],
			[
				3.6327126400268039,
				6.0
			],
			[
				-3.6327126400268039,
				6.0
			],
			[
				-3.6327126400268039,
				5.0
			]
		],
		[
			[
			-3.6327126400268039,
				5.0
			],
			[
				-3.6327126400268039,
				6.0
			],
			[
				-4.583769156321957,
				5.309016994374947
			]
		],
		[
			[
				-3.6327126400268039,
				4.999999999999999
			],
			[
				-4.583769156321957,
				5.309016994374947
			],
			[
				-6.828909039219885,
				-1.6008130618755772
			],
			[
				-5.877852522924731,
				-1.9098300562505247
			]
		],
		[
			[
			-5.877852522924731,
				-1.9098300562505247
			],
			[
				-6.828909039219885,
				-1.6008130618755772
			],
			[
				-6.465637775217203,
				-2.7188470506254727
			]
		],
		[
			[
				-5.877852522924731,
				-1.909830056250525
			],
			[
				-6.465637775217203,
				-2.7188470506254727
			],
			[
				-0.5877852522924747,
				-6.989356881873896
			],
			[
				-1.7763568394002506e-15,
				-6.180339887498947
			]
		],
		[
			[
				-0.5877852522924747,
				-6.989356881873896
			],
			[
				0.5877852522924734,
				-6.989356881873896
			],
			[
				0.0,
				-6.180339887498947
			]
		],
		[
			[
				0.0,
				-6.180339887498947
			],
			[
				0.5877852522924734,
				-6.989356881873896
			],
			[
				6.465637775217203,
				-2.7188470506254744
			],
			[
				5.87785252292473,
				-1.9098300562505269
			]
		],
		[
			[
			6.465637775217203,
				-2.7188470506254744
			],
			[
				6.828909039219885,
				-1.600813061875579
			],
			[
			5.87785252292473,
				-1.9098300562505269
			]
		],
		[
			[
				5.877852522924731,
				-1.9098300562505262
			],
			[
				6.828909039219885,
				-1.600813061875579
			],
			[
				4.583769156321959,
				5.309016994374946
			],
			[
				3.6327126400268057,
				4.999999999999998
			]
		],
		[
			[
				3.6327126400268039,
				5.0
			],
			[
				3.6327126400268039,
				6.0
			],
			[
				4.583769156321959,
				5.309016994374946
			]
		]
	],
	"radii": [0.5, 0.5],
	"targets": [
		[
			0.0,
			0.0
		],
		[
			0.0,
			-2.0
		]
	],
	"sources": [
		[
			0.0,
			-2.0
		],
		[
			0.0,
			0.0
		]
	]
}